{"Sn": {"Sn": 6.5}, "SrF2": {"Sr": 5.859152317564897, "F": 2.5408476824351034}, "CaF2": {"Ca": 2.874637946586765, "F": 2.7253620534132352}, "Pb": {"Pb": 5.1}, "RbI": {"Rb": 2.6842968999672125, "I": 3.9857031000327865}, "CsBr": {"Cs": 3.8720730843553315, "Br": 2.3279269156446687}, "BaF2": {"Ba": 5.091296614904652, "F": 1.4087033850953476}}