{"Li":{"zNum":3,"xrfEmissionLines":0.0543},"Be":{"zNum":4,"xrfEmissionLines":0.1085},"B":{"zNum":[],"xrfEmissionLines":0.1833},"C":{"zNum":6,"xrfEmissionLines":0.277},"N":{"zNum":7,"xrfEmissionLines":0.3924},"O":{"zNum":8,"xrfEmissionLines":0.5249},"F":{"zNum":9,"xrfEmissionLines":0.6768},"Ne":{"zNum":10,"xrfEmissionLines":[0.8486,0.8486]},"Na":{"zNum":11,"xrfEmissionLines":[1.04098,1.04098,1.0711]},"Mg":{"zNum":12,"xrfEmissionLines":[1.2536,1.2536,1.3022]},"Al":{"zNum":13,"xrfEmissionLines":[1.4867,1.48627,1.55745]},"Si":{"zNum":14,"xrfEmissionLines":[1.73998,1.73938,1.83594]},"P":{"zNum":15,"xrfEmissionLines":[2.0137,2.0127,2.1391]},"S":{"zNum":16,"xrfEmissionLines":[2.30784,2.30664,2.46404]},"Cl":{"zNum":17,"xrfEmissionLines":[2.62239,2.62078,2.8156]},"Ar":{"zNum":18,"xrfEmissionLines":[2.9577,2.95563,3.1905]},"K":{"zNum":19,"xrfEmissionLines":[3.3138,3.3111,3.5896]},"Ca":{"zNum":20,"xrfEmissionLines":[3.69168,3.68809,4.0127,0.3413,0.3413,0.3449]},"Sc":{"zNum":21,"xrfEmissionLines":[4.0906,4.0861,4.4605,0.3954,0.3954,0.3996]},"Ti":{"zNum":22,"xrfEmissionLines":[4.51084,4.50486,4.93181,0.4522,0.4522,0.4584]},"V":{"zNum":23,"xrfEmissionLines":[4.9522,4.94464,5.42729,0.5113,0.5113,0.5192]},"Cr":{"zNum":24,"xrfEmissionLines":[5.41472,5.405509,5.94671,0.5728,0.5728,0.5828]},"Mn":{"zNum":25,"xrfEmissionLines":[5.89875,5.88765,6.49045,0.6374,0.6374,0.6488]},"Fe":{"zNum":26,"xrfEmissionLines":[6.40384,6.39084,7.05798,0.705,0.705,0.7185]},"Co":{"zNum":27,"xrfEmissionLines":[6.93032,6.9153,7.64943,0.7762,0.7762,0.7914]},"Ni":{"zNum":28,"xrfEmissionLines":[7.47815,7.46089,8.26466,0.8515,0.8515,0.8688]},"Cu":{"zNum":29,"xrfEmissionLines":[8.04778,8.02783,8.90529,0.9297,0.9297,0.9498]},"Zn":{"zNum":30,"xrfEmissionLines":[8.63886,8.61578,9.572,1.0117,1.0117,1.0347]},"Ga":{"zNum":31,"xrfEmissionLines":[9.25174,9.22482,10.2642,1.09792,1.09792,1.1248]},"Ge":{"zNum":32,"xrfEmissionLines":[9.88642,9.85532,10.9821,1.188,1.188,1.2185]},"As":{"zNum":33,"xrfEmissionLines":[10.54372,10.50799,11.7262,1.282,1.282,1.317]},"Se":{"zNum":34,"xrfEmissionLines":[11.2224,11.1814,12.4959,1.3791,1.3791,1.41923]},"Br":{"zNum":35,"xrfEmissionLines":[11.9242,11.8776,13.2914,1.48043,1.48043,1.5259]},"Kr":{"zNum":36,"xrfEmissionLines":[12.649,12.598,14.112,1.586,1.586,1.6366]},"Rb":{"zNum":37,"xrfEmissionLines":[13.3953,13.3358,14.9613,1.69413,1.69256,1.75217]},"Sr":{"zNum":38,"xrfEmissionLines":[14.165,14.0979,15.8357,1.80656,1.80474,1.87172]},"Y":{"zNum":39,"xrfEmissionLines":[14.9584,14.8829,16.7378,1.92256,1.92047,1.99584]},"Zr":{"zNum":40,"xrfEmissionLines":[15.7751,15.6909,17.6678,2.04236,2.0399,2.1244,2.2194,2.3027]},"Nb":{"zNum":41,"xrfEmissionLines":[16.6151,16.521,18.6225,2.16589,2.163,2.2574,2.367,2.4618]},"Mo":{"zNum":42,"xrfEmissionLines":[17.47934,17.3743,19.6083,2.29316,2.28985,2.39481,2.5183,2.6235]},"Tc":{"zNum":43,"xrfEmissionLines":[18.3671,18.2508,20.619,2.424,0,2.5368,0,0]},"Ru":{"zNum":44,"xrfEmissionLines":[19.2792,19.1504,21.6568,2.55855,2.55431,2.68323,2.836,2.9645]},"Rh":{"zNum":45,"xrfEmissionLines":[20.2161,20.0737,22.7236,2.69674,2.69205,2.83441,3.0013,3.1438]},"Pd":{"zNum":46,"xrfEmissionLines":[21.1771,21.0201,23.8187,2.83861,2.83325,2.99022,3.17179,3.3287]},"Ag":{"zNum":47,"xrfEmissionLines":[22.16292,21.9903,24.9424,2.98431,2.97821,3.15094,3.34781,3.51959]},"Cd":{"zNum":48,"xrfEmissionLines":[23.1736,22.9841,26.0955,3.13373,3.12691,3.31657,3.52812,3.71686]},"In":{"zNum":49,"xrfEmissionLines":[24.2097,24.002,27.2759,3.28694,3.27929,3.48721,3.71381,3.92081]},"Sn":{"zNum":50,"xrfEmissionLines":[25.2713,25.044,28.486,3.44398,3.43542,3.6628,3.90486,4.13112]},"Sb":{"zNum":51,"xrfEmissionLines":[26.3591,26.1108,29.7256,3.60472,3.59532,3.84357,4.10078,4.34779]},"Te":{"zNum":52,"xrfEmissionLines":[27.4723,27.2017,30.9957,3.76933,3.7588,4.02958,4.3017,4.5709]},"I":{"zNum":53,"xrfEmissionLines":[28.612,28.3172,32.2947,3.93765,3.92604,4.22072,4.5075,4.8009]},"Xe":{"zNum":54,"xrfEmissionLines":[29.779,29.458,33.624,4.1099,0,0,0,0]},"Cs":{"zNum":55,"xrfEmissionLines":[30.9728,30.6251,34.9869,4.2865,4.2722,4.6198,4.9359,5.2804]},"Ba":{"zNum":56,"xrfEmissionLines":[32.1936,31.8171,36.3782,4.46626,4.4509,4.82753,5.1565,5.5311]},"La":{"zNum":57,"xrfEmissionLines":[33.4418,33.0341,37.801,4.65097,4.63423,5.0421,5.3835,5.7885]},"Ce":{"zNum":58,"xrfEmissionLines":[34.7197,34.2789,39.2573,4.8402,4.823,5.2622,5.6134,6.052]},"Pr":{"zNum":59,"xrfEmissionLines":[36.0263,35.5502,40.7482,5.0337,5.0135,5.4889,5.85,6.3221]},"Nd":{"zNum":60,"xrfEmissionLines":[37.361,36.8474,42.2713,5.2304,5.2077,5.7216,6.0894,6.6021]},"Pm":{"zNum":61,"xrfEmissionLines":[38.7247,38.1712,43.826,5.4325,5.4078,5.961,6.339,6.892]},"Sm":{"zNum":62,"xrfEmissionLines":[40.1181,39.5224,45.413,5.6361,5.609,6.2051,6.586,7.178]},"Eu":{"zNum":63,"xrfEmissionLines":[41.5422,40.9019,47.0379,5.8457,5.8166,6.4564,6.8432,7.4803]},"Gd":{"zNum":64,"xrfEmissionLines":[42.9962,42.3089,48.697,6.0572,6.025,6.7132,7.1028,7.7858]},"Tb":{"zNum":65,"xrfEmissionLines":[44.4816,43.7441,50.382,6.2728,6.238,6.978,7.3667,8.102]},"Dy":{"zNum":66,"xrfEmissionLines":[45.9984,45.2078,52.119,6.4952,6.4577,7.2477,7.6357,8.4188]},"Ho":{"zNum":67,"xrfEmissionLines":[47.5467,46.6997,53.877,6.7198,6.6795,7.5253,7.911,8.747]},"Er":{"zNum":68,"xrfEmissionLines":[49.1277,48.2211,55.681,6.9487,6.905,7.8109,8.189,9.089]},"Tm":{"zNum":69,"xrfEmissionLines":[50.7416,49.7726,57.517,7.1799,7.1331,8.101,8.468,9.426]},"Yb":{"zNum":70,"xrfEmissionLines":[52.3889,51.354,59.37,7.4156,7.3673,8.4018,0,9.7801]},"Lu":{"zNum":71,"xrfEmissionLines":[54.0698,52.965,61.283,7.6555,7.6049,8.709,9.0489,10.1434]},"Hf":{"zNum":72,"xrfEmissionLines":[55.7902,54.6114,63.234,7.899,7.8446,9.0227,9.3473,10.5158]},"Ta":{"zNum":73,"xrfEmissionLines":[57.532,56.277,65.223,8.1461,8.0879,9.3431,9.6518,10.8952]},"W":{"zNum":74,"xrfEmissionLines":[59.31824,57.9817,67.2443,8.3976,8.3352,9.67235,9.9615,11.2859]},"Re":{"zNum":75,"xrfEmissionLines":[61.1403,59.7179,69.31,8.6525,8.5862,10.01,10.2752,11.6854]},"Os":{"zNum":76,"xrfEmissionLines":[63.0005,61.4867,71.413,8.9117,8.841,10.3553,10.5985,12.0953]},"Ir":{"zNum":77,"xrfEmissionLines":[64.8956,63.2867,73.5608,9.1751,9.0995,10.7083,10.9203,12.5126]},"Pt":{"zNum":78,"xrfEmissionLines":[66.832,65.112,75.748,9.4423,9.3618,11.0707,11.2505,12.942]},"Au":{"zNum":79,"xrfEmissionLines":[68.8037,66.9895,77.984,9.7133,9.628,11.4423,11.5847,13.3817]},"Hg":{"zNum":80,"xrfEmissionLines":[70.819,68.895,80.253,9.9888,9.8976,11.8226,11.9241,13.8301]},"Tl":{"zNum":81,"xrfEmissionLines":[72.8715,70.8319,82.576,10.2685,10.1728,12.2133,12.2715,14.2915]},"Pb":{"zNum":82,"xrfEmissionLines":[74.9694,72.8042,84.936,10.5515,10.4495,12.6137,12.6226,14.7644,2.3455]},"Bi":{"zNum":83,"xrfEmissionLines":[77.1079,74.8148,87.343,10.8388,10.73091,13.0235,12.9799,15.2477]},"Po":{"zNum":84,"xrfEmissionLines":[79.29,76.862,89.8,11.1308,11.0158,13.447,13.3404,15.744]},"At":{"zNum":[],"xrfEmissionLines":[81.52,78.95,92.3,11.4268,11.3048,13.876,0,16.251]},"Rn":{"zNum":86,"xrfEmissionLines":[83.78,81.07,94.87,11.727,11.5979,14.316,0,16.77]},"Fr":{"zNum":87,"xrfEmissionLines":[86.1,83.23,97.47,12.0313,11.895,14.77,14.45,17.303]},"Ra":{"zNum":88,"xrfEmissionLines":[88.47,85.43,100.13,12.3397,12.1962,15.2358,14.8414,17.849]},"Ac":{"zNum":89,"xrfEmissionLines":[90.884,87.67,102.85,12.652,12.5008,15.713,0,18.408]},"Th":{"zNum":90,"xrfEmissionLines":[93.35,89.953,105.609,12.9687,12.8096,16.2022,15.6237,18.9825]},"Pa":{"zNum":91,"xrfEmissionLines":[95.868,92.287,108.427,13.2907,13.1222,16.702,16.024,19.568]},"U":{"zNum":92,"xrfEmissionLines":[98.439,94.665,111.3,13.6147,13.4388,17.22,16.4283,20.1671]},"Np":{"zNum":93,"xrfEmissionLines":[0,0,0,13.9441,13.7597,17.7502,16.84,20.7848]},"Pu":{"zNum":94,"xrfEmissionLines":[0,0,0,14.2786,14.0842,18.2937,17.2553,21.4173]},"Am":{"zNum":95,"xrfEmissionLines":[0,0,0,14.6172,14.4119,18.852,17.6765,22.0652]},"lineNames":["Ka1","Ka2","Kb1","La1","La2","Lb1","Lb2","Lg1","Ma1"]}